{"rmse": 0.46197899318501484, "mae": 0.39227406163226775, "r2": 0.6549842442730145}